<application>
  <component name="AppStorage">
    <option name="newTranslationDialogHeight" value="421" />
    <option name="newTranslationDialogWidth" value="753" />
    <option name="newTranslationDialogX" value="813" />
    <option name="newTranslationDialogY" value="484" />
    <histories>
      <item value="tick" />
      <item value="ticks" />
      <item value="Get or set the current tick locations and labels of the x-axis. Pass no arguments to return the current values without modifying them. Notes Calling this function with no arguments (e.g. xticks()) is the pyplot equivalent of calling ~.Axes.get_xticks and ~.Axes.get_xticklabels on the current axes. Calling this function with arguments is the pyplot equivalent of calling ~.Axes.set_xticks and ~.Axes.set_xticklabels on the current axes. Examples &gt;&gt;&gt; locs, labels = xticks() Get the current locations and labels. &gt;&gt;&gt; xticks(np.arange(0, 1, step=0.2)) Set label locations. &gt;&gt;&gt; xticks(np.arange(3), ['Tom', 'Dick', 'Sue']) Set text labels. &gt;&gt;&gt; xticks([0, 1, 2], ['January', 'February', 'March'], ... rotation=20) Set text labels and properties. &gt;&gt;&gt; xticks([]) Disable xticks. 形参: ticks – The list of xtick locations. Passing an empty list removes all xticks. labels – The labels to place at the given ticks locations. This argument can only be passed if ticks is passed as well. kwargs – `.Text` properties can be used to control the appearance of the labels. 返回值: The list of xtick locations." />
      <item value="&gt;&gt;&gt; locs, labels = xticks() Get the current locations and labels. &gt;&gt;&gt; xticks(np.arange(0, 1, step=0.2)) Set label locations. &gt;&gt;&gt; xticks(np.arange(3), ['Tom', 'Dick', 'Sue']) Set text labels. &gt;&gt;&gt; xticks([0, 1, 2], ['January', 'February', 'March'], ... rotation=20) Set text labels and properties. &gt;&gt;&gt; xticks([]) Disable xticks. 形参: ticks – The list of xtick locations. Passing an empty list removes all xticks. labels – The labels to place at the given ticks locations. This argument can only be passed if ticks is passed as well. kwargs – `.Text` properties can be used to control the appearance of the labels. 返回值: The list of xtick locations." />
      <item value="Calling this function with no arguments (e.g. xticks()) is the pyplot equivalent of calling ~.Axes.get_xticks and ~.Axes.get_xticklabels on the current axes. Calling this function with arguments is the pyplot equivalent of calling ~.Axes.set_xticks and ~.Axes.set_xticklabels on the current axes." />
      <item value="Get or set the current tick locations and labels of the x-axis. Pass no arguments to return the current values without modifying them." />
    </histories>
    <option name="languageScores">
      <map>
        <entry key="CHINESE" value="4" />
        <entry key="ENGLISH" value="2" />
      </map>
    </option>
  </component>
  <component name="Cache">
    <option name="lastTrimTime" value="1658312687437" />
  </component>
</application>